Name,Date,Content
Bilboballz,2024-02-04T14:47:40,"It's been 5 days now, absolutely zero issues. I'm very happy coming from a note 20 ultra. The camera is really amazing. Most friends have already noticed the difference in snap/insta quality. I'm even back on top of the service connection game, group of 5 or 6 the other night all on verizon, and I had the highest service. Using some ai features more than others, but I imagine there are people out there on the opposite side of my usage as well.
Overall, I'm very happy with it like I said, haha, no issues at all. If you're coming from a 23 or 22, I can see why it doesn't seem like a lot. That's how I felt seeing those phones come out while having the note 20. If you're still on a note hoping for another, this is pretty much it right here."
TheManDownTheHall,2024-02-04T15:04:49,I came from a Pixel 6 Pro to the S24U. The fact that I can send a picture text from my work desk at my house while I couldn't on the P6P already made me happy I made the switch (Pixel modems suck). The camera is fantastic as well. It's taking me a while to get used to the UI but those differences are easy to overcome. My only issues are the face and fingerprint release don't work as well as I'd like and the phone is a bit heavy. The phone open issues I can live with because the P6P had no face unlock and the fingerprint on it was slower and not very good either. The weight of the ultra may be an issue in the future on my carpel tunneled wrists but we'll see.  I went with the Ultra for the screen size to help my old eyes. The Plus would have been close enough but I figured if I was getting a large phone I'd go with the top of the line so I went with the Ultra
Sterbin,2024-02-04T15:11:54,"I upgraded from the s20+ and it is by far the best phone I've had. Does everything super fast, battery life is fantastic, camera is really nice. I have tried to look for the screen issues people have been talking about, but can't really find them. Either I'm lucky or they aren't as big of a deal as people have made them out to be. It's a sick phone"
gwatch001,2024-02-04T16:53:37,"if you are fine with the cameras of the Plus and dont need the pen, go with the Plus."
flufflebuffle,2024-02-04T17:33:07,"I'm literally having zero issues. Best display I've ever used. Games and emulators work fine. The anti reflective coating on the screen is a game changer, and the screen is amazingly resistant to scratches. I'm not even using a screen protector this time around"
Unbreakable2k8,2024-02-04T21:02:20,"I have it and I like it a lot, coming from S23U.

I think it's worth it and the reported issues are exxagerated. But maybe wait some more to get at least one software update to iron things out."
heroxoot,2024-02-05T00:28:27,"I've now been using mine for a week and I could never go back to my 22U. The battery life is amazing, the screen is great, I definitely prefer the flat screen. The Anti reflective screen allows me to see it when the sun is trying to boil my eyeballs. And various weird minor problems I had before have vanished. Like apps not working right, which might have been solved by formatting my 22U. I'll never know."
Vikt724,2024-02-04T22:10:46,Stay with 23rd
HuntersPad,2024-02-05T00:06:50,"I LOVE my S24 Ultra. But if the display issues are not fixed in an update, its gonna sit in the box until Summer when the new fold comes out for trade in.  And for now just will go back to my S23 Ultra."
jacob2494,2024-02-05T00:52:03,"I personally own both the S24+ and the S24 Ultra and I personally recommend the S24+ over the later if you want to save money while getting a phone that's ever been the closest to the Ultra model than in previous years in terms of specs. The S24+ is more comfortable to use, and its battery just keeps going and going. Performance is about the same for both the plus and the Ultra. If you really want that new Gorrila glass Armor with anti-reflective property and a titanium frame as well the S-pen, go for the Ultra. Otherwise, pick the plus model."
kbtech,2024-02-04T17:57:34,"Worth it? Not sure, that depends on you. But I have been using the S24U for more than a week now and it's overall a great phone. I'm not sure about display issues, since the display looks great in my day to day use and I have no time to go above and beyond to find if some defect exists.

If you don't mind the bigger footprint of the S24 ultra, I personally would choose it over S24+. But that's just me, I always like the highest end model. Generally, the highest end model is not always the best value.

I do have lot of other phones like Pixel 8 pro, iPhone 15 pro max, OnePlus 12, Fold 5. Currently, the most I'm liking is OnePlus 12 from an android phone. May be it's just new and got it only couple of days back. My main phone is iPhone, and I'll have to see over the next few weeks which is that android phone I'm always reach out to as a secondary phone."
fUsinButtPluG,2024-02-07T05:49:49,"$2400 sets a new standard for extremely expensive, personally I don't think it is worth it.  


On top of that, I personally have had issues with Samsung's customer service (after my 3rd time sending it back faulty they shipped it to the incorrect address and lost my item), I've been fighting with them for years over it and Fair Trading got involved and sided with me, only for Samsung to then just ghost both of us (was doing that to me prior)  


So now I have to take them to court with the proof, will never buy another Samsung product again.  


I'm certainly not alone, go to their Facebook and look at the complaints.....  seems like if you get a product that is fine, all good if not good luck as their customer service is beyond terrible."
GhostBullD,2024-04-11T00:50:33,"Have mine through Verizon, 512Gb, Titanium Violet. Have it  almost two weeks now, and this phone is absolutely amazing!  No issues! Using in the sun with sunglasses on at different viewing angles, the screen is still bright and readable. My games play great, and my phone has not gotten hot while playing. I can't even comprehend how good this camera is, but to my simple, untranded eyes, pictures taken with this are great. I am coming from Samsung S10+, so this is a considerable upgrade for me, but so far, I am very happy with this phone."
azger,2024-02-04T15:27:47,"Loving mine so far, no issues at all."
robertclarke240,2024-02-04T17:11:41,It is absolutely worth it.  Over a week of use and everything is awesome!  Couldn't be happier.  It is the best s series ultra yet.
WolvenTheWolf,2024-02-08T22:43:20,"So I made an amazon review on it, so imma post It here, i don't have any actual issues to speak of -


So I switched to this from a fold 3 (switched because of work environment), and I really like it, I've had little to no problems so far

Here are the pros and cons I've noticed

Pros -
Amazing battery life lasted me from 4:45am to  9pm with 15% remaining.

Google image search biuld in to the phone, I love it

The camera is amazing 100 times better than the fold

Cons -
Here's the big oof with this phone, I haven't read too much in to it or anything but as to what I'm aware, 32bit system is getting dropped and newer phones are gonna now only support 64bit operating systems so u might loose some of the apps you had previously ( I lost around 12 apps/games ) and that's not saying it won't be fixed later on the dev could add 64bit to the app.

Other than that, I have no other complaints about it."
vikramshenoy,2024-02-11T01:50:22,"I just got my phone yesterday upgraded from the One Plus 10T. Its a total shit box. Display looks washed out with dull colours. Did a [Testmyscreen.com](https://Testmyscreen.com) on both phones and the colours pop on the 10T. Also the Camera. Its the worst camera i've seen in a while. I did a compare photo to photo with the 10T. And it looks the same, except washed out and muted colours. I went to the Service Centre and they said sir its a new technology. People use their phones so much we have added this duller display. He said if i show you a S23U or even a M series phone their display will look better. Because, kid me not, this is new technology as we use our phones for longer. So its more natural."
Practical-Cow-4564,2024-02-28T10:32:45,"I've had mine for a week and a half. I upgraded from the S23+. The main reason was for more storage, better camera, and Gen 3 cpu. I got the 1TB model, direct from Samsung, who offered $650 trade-in. It has already had a major update, which added a Vivid slider adjustment in Display settings, various camera improvements, and security patches. The thing is a beast! App updates occur in 5-8 seconds each. The anti-reflective screen is awesome. The camera, which I've only scratched the surface of, is mind-boggling! AI is another useful benefit. The s23+ was as big a phone as I'd ever have, and thankfully, the Ultra is about the same size. I haven't even used the S-pen yet, as I've been busy reorganizing my Gallery. Battery life is excellent. Best advice is to do a search on YouTube for Galaxy S-24 Ultra and concentrate on ""tips and tricks"" videos and also camera. There are a plethora! Bookmark them for future reference. There was one Indian guy that has 100 tips and tricks, that's almost an hour and a half long! A couple of professional photographers were very impressed with how close to pro cameras phone cameras, especially this one, come to matching a pro setup. Also, there's a woman in the UK that does excellent reviews...Hayl's World. She's a hoot.  All in all, just get it! Samsung stated they'll be supporting the phone with updates for the next 7 years. It's a pocket rocket, unlike the iphone, which might just become a boat anchor."
Novel_Ad_1670,2024-03-01T14:25:15,"I have bought the s24 ultra and I got no complaints about it. All I say is it's the best phone on the market. The AI is fantastic, the camera is amazing 👏 best phone ever. TRUST ME.  "
NewspaperNo9892,2024-03-13T14:02:48,"So I am coming from the s23u I must say it was an excellent device and in terms of performance it truly was almost there but this s24 u , it simply is there and I know spec wise it doesn't seem as though much has happened but having it in hand I can promise you it's a massive upgrade "
Zestyclose_Cake_5644,2024-03-16T06:15:07,"The S24 Ultra is a really compelling option. There are lots of positive reviews on YouTube, mkbhd even said ""Why buy any other phone""? It is expensive but its performance is insanely fast, and its cameras are one of the best in the market for most shots. It now has Titanium rails with a flat-screen design. Its new AI features are currently industry-leading despite being powered mostly by Google. If I am not mistaken, the phone has Qualcomm's breakthrough Snapdragon 8 Gen 3 chipset. It also has lots of RAM for a smartphone, even more than some laptops. The battery life is impressive as always. I don't see a reason why you shouldn't get it if you can afford one. Lots of features are nice-to-haves but considering the current state of smartphones, this generation of the S series is quite good."
ExcitementSerious161,2024-05-08T12:59:11,I'm happy switching from an iPhone 14 to a Samsung S24 Ultra. It's worth it.
ProofScientist9657,2024-02-04T18:48:04,"I returned mine yesterday and kept the s23 ultra. Colors were too dull for me.

https://preview.redd.it/tkgat9kx6mgc1.jpeg?width=1440&format=pjpg&auto=webp&s=520de4040a818074ccf832dc514cc26ecb0f7be9"
johnmarkdyer,2024-02-05T03:49:43,"I am happy with my s24 plus and I'm coming from an s23 ultra. You don't really notice the screen size difference at all. It is actually less than 1/8 of an inch. But what you do notice is that the phone is much lighter and easier to hold because it has rounded corners rather than Sharp corners. If you are not going to be using the super scum bag zoom cameras or the s-pen, then you can't go wrong with the s24 plus. I don't really miss either of those features."
birdsbud,2024-02-06T00:29:57,"Don't believe everything you hear,  if you have problems, send it back!  I have 32 Ultra and am going for fold 6.... nature of the beast,  we just keep going newer/better!"
AfricaBadger,2024-02-13T06:26:49,"I  ""upgraded"" from a S22+ to a S24+. I have been a fan of Samsung for years - but I am really disappointed with the washed out colours of the S24+. It is a downgrade from the rich and warm colours of the S22+. Many people have been complaining about this. But it feels like the genuine quality of Samsung parts has been replaced by a cheap generic Android screen. As someone who takes a lot of photos with my phone, I am completely underwhelmed with this dull, washed out look of the S24+ display. Hopefully an upgrade of sorts can restore this issue."
Aggressive_Tart1401,2024-02-25T13:10:08,"I always been looking for a better android gaming device that's why I switched from 15 pro max to s24 ultra. Everything is good but when it comes about gaming, I would say it's waste of money to buy an android phone for gaming purposes. Even an iPhone 8 has better sensitivity than s24 ultra. I know you can change minimum width to increase the sensitivity but then it's not possible to use your phone with those  small icons and text. For shooting games this is a dumb device. Just to look behind you you have to swipe your finger 3 times on screen. What a bullshit."
Arthurthagreat,2024-02-27T14:09:52,"I had a Note 10+ 5G and hopped on to the Fold 4 but that was too delicate so I added the S24 Ultra to my lines and I have to say I am baffled that you mention issues as this phone is amazing I've never seen such amazing battery life on a big screen before.  I have fast charging in my car, at my desk and even have a charger built in my backpack but I rarely use them as this beast packs a punch and I text a lot and watch movies and download a lot of work related files. As for display issues, I have not had any. Although this is the heaviest phone I have ever owned, the weight grows on you. So you basically just get used to it. I've never had an S series phone so this is new to me but I have to tell you best buy ever and totally worth it! Also you will get 7 years of updates from Samsung so you probably will hold on to this phone for a long time as I plan to. Already made many acessories purchases on Ebay to make the phone safer and more fun. So if you ask me is it worth it. HELL YEAH!"
bbbrooksss,2024-03-11T14:54:39,"One of the best features I've noticed is the anti-reflectivness with the new screen is so good it's unreal. It is amazing. Other than that as long as you remember the default screen mode in vivid, you have to adjust the slider to get similar results to all previous Samsung phones. So just ignore all the other comments and comparisons in the comments, that's just user error "
Sagee31,2024-05-19T03:19:48,"Coming from an iPhone, it's worth it."
joe703622,2024-02-04T18:20:17,Coming from 22u. This thing is beast. It's like samsung read my old post and fixed it.
Deleted,2024-02-04T18:39:39,"The vivid thing is software. Will be fixed quickly. I haven't heard anything about the other issues that you're talking about so they can't really be that prevalent. 

The real issue is getting one. I preordered mine on the 19th and it's been delayed twice now. EDD of Feb 21st now. It's not been a great ordering experience."
tatlpax,2024-02-04T19:39:05,"Some S24 Ultra units from the early manufacturing runs have camera hardware issues. Hopefully these hardware issues will be resolved or at least be less common in future batches.

Personally I'd wait *at least* 1-2 months until the S24 Ultra is fully baked - with both manufacturing issues and software issues ironed out - and then buy one. With some of the S24 Ultra issues it's really hard to tell if it's hardware or software so if you guess wrong you could end up either keeping a faulty phone or returning a perfectly good one.

Without a better understanding of the hardware issues it's hard to even know what checks to do to ensure you have a working unit."
jeff8073x,2024-02-04T19:39:12,S20U to this - I'd say worth it. Snappy response time etc. Just wish it had more RAM.
Additional_Anteater4,2024-02-04T20:10:40,I've been super happy with mine. Only regret is getting black instead of titanium blue.
Chical61,2024-02-05T20:26:20,"Hi, I don't intend to buy a new phones for the years to come, so I can't help you. But reading that the + is a smaller ultra made me tick. The base version is a smaller '+', but the ultra is in another category by itself! Be it the cameras, the soc, ...it can't be reduced to a size preference..."
andreasheri,2024-02-07T14:07:32,It’s trash. Stay away from
GrapefruitClean2170,2024-02-09T02:32:56,"Stau the f away. Get oneplus 12, s23 ultra, iphone. "
Deleted,2024-02-09T23:07:02,"Came from the S21 ultra. Great phone now that the new Gen processor has had the architecture worked out from the Gen1 and Gen2 in the S22 and S23. 

Havent charged in 2 days, on 20%. Great photos, and I thought it couldn't get better from the S21. Looks slick. Go for it"
bridgeth38,2024-02-24T19:39:08,"Hmmmm, I have the Note20 Ultra, absolutely LOVE the pics that it takes and was worried about getting the 24ultra because of some things I've heard....after seeing these posts I'm wondering if I should just get it now....![gif](emote|free_emotes_pack|thinking_face_hmm)"
Fun_Scarcity3433,2024-02-28T23:53:11,Just ordered it for 1000 dollars off for trading in my s21 ultra. So we will see.
ShitPickle5000,2024-03-15T03:48:17,I just purchased an unlocked S24 Ultra to replace my S21 Ultra.  I'm keeping the 21 though.  🤞🏼🤞🏼🤞🏼
Proof-Home5617,2024-03-19T13:31:45,"Moved from the S21FE, initially, I was unsure whether I should make the switch, as I was quite content with my compact S21FE due to its design and lightweight nature. However, I've been using the S24 Ultra for a week now, and here are the notable changes I've observed:

1. The display is simply amazing.
2. The cameras are best-in-class, especially the 5X 50MP zoom camera.
3. The size is manageable with a good case providing grip.
4. The S-Pen is a fantastic addition.
5. Performance is outstanding. While I was satisfied with the S21FE's performance, I'm equally impressed with the S24 Ultra, as I'm not a heavy user.
6. Samsung One UI offers a plethora of customization options, and for more, there's GoodLock from Samsung.
7. The anti-reflective screen is a standout feature. It's perhaps the most underrated aspect of the S24 Ultra. (I opted for Samsung's official anti-reflective screen guard for added protection.)
8. Last but certainly not least, the Samsung Eco System is remarkable. I have the Galaxy Watch 4 Classic, Samsung TV, and Buds 2 Pro, and it's amazing to witness their seamless interaction without any hassle.

Conclusion- If you have budget and want to have best phone today, S24 Ultra is for you."
Ryalst_519,2024-04-01T01:12:28,"I know it's a few months later than the post, but I came from an iPhone 14 Pro Max. I stopped using Samsung phones after (I think) the S20 ultra. I simply stayed away because I couldn't get a flat, well fitting glass screen protector. As soon as I heard the S24 Ultra had a flat screen I ordered one right away. (I know my reason for avoiding Samsung is a bit odd, but it is what it is). 

I'm so happy with the S24 Ultra and genuinely shocked at how much more I'm liking it than I thought I would. Battery is amazing, I got the Galaxy Watch 6 Classic 47mm as well and I love it (style especially). The S24 Ultra has the best screen I've ever used on a phone, I've not used the camera a ton yet but from what I have used it's amazing. Even with a glass screen protector I've had 0 issues with the finger print reader, but have sacrificed a bit of anti-glare (to me that sacrifice is worth it).

TLDR; The S24 Ultra is an incredible phone."
Neat_Candle_3847,2024-06-30T20:48:15,the s9....jeezzzz dudes yall need to get rid of that thing and upgrade asap
Day1noobateverything,2024-08-01T18:29:39,"It's fucking glorious, not one issue ever. I realized anyone who ever has an issue with anything is a troll, a noob, or it's a lemon."
South-Ad6476,2024-10-15T02:17:14,Thank you Alex
adkt3104,2024-10-18T02:23:31,"For those that has had theirs for longer than 3 months, how are you feeling about it now? Pros vs Cons? If you could go back would you still get it or would you look at something else?"
PerfectShift8416,2024-11-23T08:38:22,"I bought a Samsung Galaxy S24 Ultra phone 4 weeks ago and soon discovery it has a very weak Signal reception. Where I get 4 bars of signal strength with the SIM card in my old Huawei P40 Pro phone ,  I bearly get 2 bars on the  Galaxy S24 Ultra phone. I have no protection cover on the phone.  The LTE/5G indicators frequently toggles on and off and calls get dropped frequently.  I have been to the Samsung Service center (Singapore) 3 times in 2 weeks, and the engineers there have reformated and re-installed the OS twice after confirming the issue.  They ask me to go re-install my apps and data and come back if it the situation does not improve.

Checking the internet and Samsung community sites, signal strength weakness is a well known issue. 

I feel cheated out of nearly $2000.  If you are considering buying a Samsung S24  Ultra, please DON'T. It's great a a gadget to use with WiFi but it is a scam as a mobile phone!!! Save your money and buy something else!!"
Putaineska,2024-02-04T15:30:05,"Went from Pixel 7 Pro to this. Terrible battery, lag, constant crashes, poor performance and heating up like a radiator all solved so far in my S24 Ultra. Have no issues at all. Sure camera might be a bit worse but definitely worth the upgrade."
brokenback871,2024-02-04T21:04:17,"My S23 Ultra has a better camera, the vivid mode isn't that bad but they are working on a software update. I've had a few issues with notifications from YouTube not showing up in the notification bar and with Twitter as well."
Complete_Stage_1508,2024-02-04T18:11:45,"If you have the money yes

If not  I'll still say yes"
No-Daikon-7724,2024-03-05T15:37:31,"


  



 H"
djjeff06,2024-03-08T03:17:03,"It's too bulky and uncomfortable to lift with one hand. It's been a couple of days since I bought it and my hand always feels numb after using the phone for a while. If you value comfort, probably stay away from this phone."
Nobie2006,2024-03-12T04:19:03,"I absolutely hate this thing its voice assistant is annoying the notifications only pop up on the lockscreen for a few seconds I had to turn off the autocorrect because it keeps ""fixing"" my speach its driving me insane i havent even had it for a day and I already know I'm not going to keep using it Im going to replace it asap and Id much rather use my shit Iphone fuck this and everything it stands for do not buy it -10/10"
robert_axl,2024-03-12T14:54:11,"Camera is better optimised on s23 ultra than on s24 ultra.  
Pictures in the comments ( they are 100% crops )  
Both phones were shooting from the same position in auto mode using the main camera ( 1x ).

Samsung nailed it this year, and I don't say this in a good way"
400Flux,2024-03-14T05:19:40,I'm about to return mine since I can't get more than 125hz touch sampling rate (500hz with the s pen). Even budget phones have 240hz in 2024.
banshee19899,2024-03-18T23:15:24,does using the AI features a lot impact the battery life?
jovannyalteeny,2024-03-19T20:28:30,To me it is as crap as the s23. More expensive though
Fair-Ad6039,2024-03-21T14:51:08,I think my 24 Ultra came damaged. It takes over a minute just to send a gif. Other glitches too. Now I miss my Note 9!
BarrieBirch,2024-03-21T15:17:59,Mine is working fine as well
Ricknemesis,2024-03-21T22:13:23,"Mine has been worth it about a month in. Having a hard time finding the perfect mag back case though. The Torras is ""ok"" but there has to be a better one out there with more grip. Previous phones note 20 ultra, note 7, LG G6, Samsung S something (the one with the removable back and  the strange USB 3.1)."
Appropriate-Stock907,2024-03-23T00:06:46,S24 to many ads . How do I switch off ads?
airbornepatriot82,2024-03-23T05:19:20,Just decided to pull the trigger and upgrade from the S22 Ultra to the S24 Ultra after watching some side by side comparisons. I wasn't willing to upgrade from the S22 Ultra to the S23 Ultra but the 24 Ultra is a big enough leap forward that I think it's time to upgrade. The improvements seem to be plenty coming from a 2 yr old phone.
Extension_Ear_1699,2024-03-26T01:18:24,The real question is SAMSUNG WORTH IT. HAVE BEEN CUTOMER 35....40 YEARS. WELL LET JUST SAY AS LONG AS I CAN REMEMBER. JUST realized today they are not an honorable company. Zero customer service. Purchased gallaxy s24 ultra and gallaxy s24. VIA SUMSUNG .COM.......THAT WILL BE FINAL SALE FOR THEM. GOOD BYE
femalefirefighteremt,2024-03-27T00:57:48,"Upgrading S10+ since it has been put out to pasture by Samsung. I take an enormous amount of pictures, use social media and stream YouTube or Netflix. That's about it for phone use. I am having a hard time deciding which 24 to get.  Which has the best camera and zoom?"
vgraves0210,2024-04-03T17:20:56,How is the voice to text
Glittering-Ad6911,2024-04-08T03:51:53,"I just ordered the S24 ultra 1tb in the titanium green color unlocked from Samsung. im switching back to samsung after using the Sony Xperia phones for my previous two phones. I love having a SD card slot and headphone jack. But the next sony wont be out till end of summer in the US and i just cant wait that long. I held out as long as i could and i hope sony continues to offer sd card storage and 3.5 head Jack because when traveling having another piece of gear to remember to charge suxks vs being able to just plug in a pair of good headphones. I also prefer having my content on my own sd card if i prefer.... there's many more benefits im omitting. 

I was always a fan of the Samsung note series, had just about every note up to note 9 before making the switch to Sony. I hope i made the rite decision.....i know for sure il be missing that head phone jack....."
Plenty_Election3378,2024-04-08T16:02:43,"Thinking its best to stay away from Samsung S24 series for multiple reasons, lots of hardware and software problems that Samsung are just ignoring.

Overheating and charging problems for starters also display problems, massive battery drain for no reason is another."
watercoooler,2024-04-10T08:17:38,I had a faulty camera on my s24 ultra. Started giving critical error after a week of usage.  
Individual_Sell9923,2024-04-11T04:24:03,What if I'm coming from the samsung galaxy s10 plus is it worth upgrading to the s24 ultra straight away im looking for a new android?
Substantial_Iron3771,2024-04-11T23:28:11,"Good Lord, stay away! Maybe mines is decective but I am returning my phone tomorrow, a day after purchase. It's overpriced garbage and doesn't even come with the basics, like a screen protector or a charger as it always have in the past. This phone has overheated during use and on the charger PLUS the battery life is shockingly short. I felt like I time traveled to the 90's. I saved up for months to get this phone and I can't even begin to express my annoyance with the quality and with Samsung ripping us off by charging for basic necessities. Samsung is following Apple's lead. Then I find out I can't retrieve my data without another Samsung phone. All the signs are telling me to jump ship quick. The Samsung S10 was decent but this S24 Ultra... wtf?"
Visualmindfuck,2024-04-14T00:01:03,Charger ports breaks with one steam shower
Hitmandalorian,2024-04-19T00:03:54,"Debating this right now, have an s22 ultra but the 24 ultra tempts me. Now that the dust has settled what say some of you? Wait til s25?"
Dizzy_Bluejay94,2024-04-23T01:00:47,"I came from the S21 Ultra and nothing much has changed except the zoom on the camera, the pen, the built in AI Gemini, and the ability to search what's on your screen with the circle to search feature and a few other features. I use my phone a lot for reading ebooks, Amazon, spotify, and streaming but has yet to overheat, and the battery is a bit better than the s21 ultra."
B1ueRogue,2024-04-27T20:18:24,"Should I upgrade to s24 ultra if I have the s21 ultra and reasonable happy with it ...I e just noticed that it seems to be getting a bit slower recently and the battery doesn't last as long 

Also what does the ai do exactly ..is it the assistant ..or something else"
thatorangewrx,2024-04-29T14:30:06,Bought and returning after a week. Battery life is horrible compared to my P6P and thats while on battery saver with light use. Main thing is the camera. For a phone that's advertised for it's camera its trash. Simple pictures are blurry. My wife has the P8P and with no adjustments you can see the lines in her hair. Same distance and this just produces a blob. The video is decent but I take more pics than vids. From my understanding the pictures comes down to the phone over processing them and apparently you can download the Google pixel camera app and you'll actually get good pictures but for a phone this expensive I feel that's a little silly to have to go to that extreme.
heretolearn11,2024-04-30T08:33:44,"TL:DR; The screen is wafer thin brittle glass, the Samsung gadget case is useless and the Samsung screen protector is flawed

I got the S24 Ultra and accompanying case and screen protector. Both accessories were pricey but I want to protect my new phone.

When I put the screen protector on, there was a horizontal line / bend through the middle so I took it off thinking I'll replace it and get a refund for the Samsung one that sucks. I put on the gadget case - it is very slim and only protrudes about 1mm from the top and the bottom of the phone.

I dropped the phone on the concrete from normal hand height the next day, before I could get a new screen cover.

The screen shattered in the spectacular fashion that Samsung users used to laugh at iphone users about, in like the iphone 4 era and earlier. It covers the entire surface of the screen. The whole reason I'm a Samsung loyalist (Note especially) in the first place is their use of hardy materials and waterproofing.

I can only assume Samsung have started cutting corners to save costs? The glass is tissue thin and brittle. The 'protective case' is also clearly useless.

Anyway, I'm not going to recommend it. Something that is carried around by humans all day and should be designed for that purpose. Something that contains precious minerals shouldn't be disposable."
thepersonimgoingtobe,2024-04-30T23:16:38,7 years of updates.  I may actually keep this phone that long.
floatingbubble42,2024-05-01T13:43:01,"I dont have the ultra, but i love my S24. Of course the phone i previously had was the S20-FE which honestly wasnt that terrible. Same UI but the S24 is much smoother, prettier, and SO much faster. 

Its the first phone i have the can hit 4.0gb of ram when i clear the cache. 

But idk how different it is from the Ultra. I only would have gotten the ultra for the stylus cuz it goes click click."
Ru-yi3010,2024-05-03T19:17:43,"Is anyone here annoyed at the fact that the speaker is on the bottom left as opposed to bottom right (i have ZFlip4 and iPhone 15 Pro), when i play game my hand covered the speaker, and rotating the phone feels weird"
blindzebra52,2024-05-15T16:47:05,Wireless charging is awful and basically overheats the device. Glitches when making calls to the point that you have to restart the phone to make a call. Colors are washed out. I would stay away. I wish I had returned mine before it was too late.
BossStriking330,2024-05-29T15:46:15,"I've been a Samsung user for over 15 years. Yes, the 24 Ultra deserves all the praise. Quality, fast and reliable."
OkMap11,2024-06-01T10:37:41,"
*
Left the whole of apple system and sold every apple device I had. Picked up s24 ultra and tab s9 ultra. This thing is amazing and has so many useful features within one ui. Amazing kit. Don't compare to apple. Learn to see the samsing devices for what they are. Open mind set. I feel so free since I had this. Also took this photo today. Camera us amazing. I'm a super tech guy and I could not stand the ios janky animations anymore. Anyways. Enjoy and don't leave all your eggs in one basket. Not you personally but saying in general. 
*"
cleversailinghandle,2024-06-04T10:07:27,Man regardless of the ultra... just ordering it has been a huge pain in the ass.
Novel-Bill9641,2024-06-12T10:00:14,I've had mine for 10 days... im taking it back and just getting a new screen put on my old 20 note... thus screen freezes occasionally. And you shouldn't have to restart your phone again and lose progress of what you were doing... the camera is great. The battery absolutely sucks...takes too long to charge even with the fast charger..
Piggymojo1101,2024-06-12T20:42:53,"Personally I love mine had to tweak some things. Because, I'm normally a.pixel user. 
But other than the little personal tweaks I think overall the phone is immense and probably the phone to have this year. 
That is unless you are a diehard apple fan in which case.....doesn't matter how great phone is they will always prefer iPhone"
Rare-Flow528,2024-06-13T03:37:12,This S 24 Galaxy just sucks don't  buy it.
Discodawn70,2024-06-13T05:16:38,Just went from Note 10+ to S24Ultra. It's a TANK! it's heavvvvvy! Why??? Samsung...make em lighter!
Lucky_Rub_6077,2024-06-18T23:37:26,"Samsung s24+ is junk, Made in korea with produces junk and is by far not even close to being worth the money the crapsung clowns are asking for it, my 7 year old Huawei p20 pro blows this garbage away with a longer battery live and just as fast so don't believe the hype of this crapsung phone cause it dam\* sure is no Huawei, barely plays youtube with 12 gig of ram and 512 which I don't believe due to it's very poor performance, Typical for korea!  
I won't keep this scrap much longer, Sell it and buy a real phone, Don't believe the reviews cause most of the clowns that review this junk get paid!"
Deleted,2024-06-25T00:44:03,"Literally love it. 

I held onto my note 20 ultra for years until I ran it over with my truck tire. 

I upgraded to the s24 ultra on Sunday. I am so thankful they got away from the curved screen, that was a constant issue and I could never find a screen protector that stuck."
MarkChown,2024-07-03T20:08:36,"I find the S24 ultra ito be a great phone in many respects speed, battery life,, screen etc.
I found the A.I. to be a bit of a gimmick¡  Most of the AI features have now been abandoned andi disabled.

In the case of the camera, the AI can't be disabled, you can tone down the settings a little but that's all.
Take photo, it looks OK for a for a second, then the AI gets to work and trashes the photo for you, introducing weird unattural highlights and effects to ruin your picture 

I upgraded from the S10+.
Overall I really like the S24 Ultra, but I'm really  disappointed with ithe camera.

I hope that Samsung fix the camera, but I suspect they will continue to concentrate on the AI gimmicks to hype the sales."
animalfc1973,2024-07-05T00:54:49,I have had my s24 ultra since February of this year no problems until it wouldn't charge anymore I have use 4 different phone charger and blocked  but if I shut my phone off completely it's chargers fine
Vincere8,2024-07-08T06:40:22,"I'm considering to buy it. I have a 10+ in great conditions, what would be the major upgrades? I don't care much about photos and gaming. I mostly use my phone for work and socials."
Muted-Intention-9200,2024-07-11T00:39:12,"I have been wondering about how to tell if I have a faulty camera. I've taken a few thousand photos with my S21 with little complaint on my part. On the Galaxy S24 ULTRA, which is supposed to be fast and better overall, I'd say that every 4th photo I take at any particular place comes out clear. I have not used the pro settings yet.. and I'm talking about spontaneous picture taking. This is on all camera settings since I'm testing it out. Yes, I've been taking pictures for years both film and digital. Thank you if you respond."
Marulol,2024-07-11T13:04:18,Incredible photos that just get fucked as soon as you upload them to social media. Sure if you look at photos on your phone or PC camera matters. Otherwise camera has always been over hyped
Expert_Inspector_84,2024-07-12T08:58:09,"I fail to understand the issues that the op listed there. I love this phone. And zero issues at all. I have 3 s24 ultras in my family and there have been no issues. As a matter of fact this is the best portable media experience ever considering the display and everything including casting, connectivity with other devices.. etc. 
I came from the 15 pro max. Jumped the samsung bandwagon since more than 10 years. Couldn't stay out long."
Rare-Rub-7805,2024-07-12T15:42:51,I just swapped my S24+ for the S24 Ultra. It's night and day; I'm amazed by this phone. It feels much more premium than the Plus model.
Major_jokers,2024-07-21T16:43:42,I love mine
carabaocup,2024-07-25T22:44:09,"i have the s24 exynos version and its a lot better than i expected, its very fast, no complaints from me"
Longjumping-Arm-2513,2024-07-31T19:05:29,There is a upcoming update for the S24 it's supposed to fix all any and all of this. Watch for it soon.
Synyster_V,2024-08-07T17:39:24,I had no idea so many people hadn't upgraded in over 5 years or more. 
Deleted,2024-08-12T07:55:40,Well my cameras are shit fryed it's not water resistant either!
Deleted,2024-08-12T07:56:34,Not a good phone do not buy !! My s21 ultra was a way better phone!!
darkthewyvern,2024-08-26T11:01:18,"The entire series is so darn good. The only reason to get the ultra is if you really think you need the features.

Between the s24, and 24+ Id just get whatever is on sale. On paper the s24+ should be way better. But in person the difference between the display size is only vertical space and it's just clunky. If it was wider, id recommend it for that reason alone. But nope, the plus and ultra models are just taller.


S24: Acceptable price, everything you need.
24+: if it's around the same price as the base model 
s24u: If you find yourself wanting a pen for your phone."
Pendle33,2024-09-08T07:17:02,"So I’m moving from an iPhone 15 pro max, will the ultra play nicely with the rest of my stuff: MacBook, iPad etc"
Swanspeed442,2024-09-09T01:04:38,"Run,it's not user friendly just using  My Files is a complicated  joke"
PrestigiousLow1928,2024-09-14T15:52:30,"STAY AWAY FROM THIS PHONE!!!! IT IS THE MOST INFURIATING, EXPENSIVE, PIECE OF JUNK I'VE EVER BOUGHT!!! ALL THE NORMAL FEATURES THAT SOMEONE WOULD USE OFTEN ARE VERY HARD TO FIND AND CHANGE BECAUSE THEY ARE SET UP IN A WAY THAT IT MAKES USING THIS PHONE DIFFICULT AND CONFUSING. AND THERE ARE SO MANY THINGS WRONG WITH IT THAT I DON'T HAVE TIME TO SPEND WITH T-MOBILE TO TRY TO FIX IT ALL!! I DON'T RECEIVE ALL MY TEXT MESSAGES, CAN'T SEND SOME TEXT MESSAGES EVEN THOUGH THEY SHOULD BE ABLE TO BE SENT, PART OF THE SCREEN IS A DEAD ZONE, WHAT I'M TRYING TO READ WILL JUST FLIP BACK TO THE HOME SCREEN EVERY SO OFTEN, I CAN'T OPEN SOME APPS EVEN THOUGH THEY'RE SUPPOSED TO BE COMPATIBLE, AND THERE ARE SO MANY OTHER THINGS THAT DON'T WORK RIGHT. I JUST CAN'T STRESS TO YOU ENOUGH TO NOT BUY THIS PHONE. I WAS ALWAYS AN ANDROID PERSON BUT THIS CHANGED ME TO WANTING AN APPLE, ASAP!!  IF I HAD THE MONEY, I WOULD SMASH IT INTO DUST AND BUY AN APPLE!!! I HATE HATE HATE THIS PHONE!!!! BUYER BEWARE!! IF YOU DON'T MIND SPENDING A LOT OF TIME TRYING TO FIND HOW TO CHANGE THE SAMSUNG VERSION OF FEATURES INTO SOMETHING THAT'S USABLE, THEN BUY THE PHONE!! EVEN THE VIDEOS AND ALL THE HELP ON THE INTERNET, IN MANY CASES, DOESN'T HELP YOU!!"
Interesting-Store-23,2024-09-28T03:07:12,"I've now had S24 Ultra for 6 months and it sucks, many problems with AI changing pages or filling my page with suggestions of what it deems I should be looking at.  I bought the Samsung protection package and get ABSOLUTELY NO HELP when I call in for help. Told AI problems can't be handled by that group and then transfered to nothingness and this has happened numerous times. Won't replace phone and I've spoke with representatives in support and sales with NO HELP.  Can't charge the phone for more then 10 .intes without it overheating.  Customer service supposedly transfer me to support for this problem. HAHA but never connected.  I really liked my previous Galaxies but this one is CRAP"
Actual-Ad4409,2024-10-04T01:58:55,"

I personally thinks that S ultra series should still using curved displays, because this is what it makes the phone high-class in display look.

What comes to my mind about this is that when s24 ultra had a flat display, and then i looked back to s22 ultra, I feel like the curved screen is just amazing, like the borderless feel it gives, is like the innovation ahead.

But interms of practicallity, curved display performs almost the same as flat display i think, and it offers a better experience 



Everyth other thing about Samsung is just perfect"
Several_Cheek5872,2024-10-06T15:05:59,Still worth it and good now? I'm thinking of getting it. Especially wanting a better camera :)
South-Ad6476,2024-10-15T01:46:18,I'm still running an S8 ! No problems except some financial sites won't allow. Considering 24Ultra after expected price drop. How challenging would you say the learning curve will be? Thanks.
Maraha-K29,2024-10-16T04:48:03,I just upgraded from a note20 to s24 ultra and I'm not sure I'm seeing a huge difference in camera quality. I'm not sure what I'm doing wrong but my pictures are never crisp. Any help with adjusting camera settings?
Msdebic,2024-10-17T20:19:10,I want a S 24 ultra so bad but I just couldn't push the button because of T-Mobile's high pricing I went with the 24 plus and it's nice it's a great phone does what I want it to it's fast The camera's nice have fun with your new phone!
Available-Swan3033,2024-10-22T21:02:21,"So bummed the non trade in instant savings dropped in half feom 300 to 150 so now the 1 TB unlocked phone I want went up a couple hundred dollars during Samsung's Anniversary ""sale""
Then after many called that were mysteriously disconnected, I spent an hour on the phone with a rep who I could barely understand and who kept repeating herself and thennshe offered me a price that was even HIGHER than the anniversary sale which was not a sale. So insult to injury. Im thinking this may be a sign to choose another stylus phone brand. Suggestions? Apparently One Plus doesn't work with Spectrum."
koekwauz,2024-11-01T18:14:06,Ik heb nu tijdje s24 ultra en moet zeggen dat camera echt top is maar ik vindt a55 betere telefoon en stuk minder zwaar
One_Food8395,2024-11-08T17:33:11,"Best phone I've had so far. My only issues are with how well the phone is built. I dropped it after only having it for 2 days without a case (from no more than 2 feet) and have cracked both the from and back glasses. It's very delicate. Not like my note 10 was. That thing was a tank. I'm very disappointed with how fragile it is. Other than that it, it's one of the best phones you can buy on the market right now"
Forsaken_Clock6132,2024-12-01T20:18:34,"I hate this phone. Personally, I chose to upgrade for the reviews regarding the battery, speed, and screen size. 
I really regret it.  The speakers are garbage, and now after just a few months i cant even use my phone bc something has happened to the speaker making it sounds like a busyed or blown speaker and its not possible for me to hear what the caller is saying.. i can onl6 hear it through headphones which is even more frustrating as it doesn't offer the traditional ports for plug in headphones.. the Three camera system is to bulky and makes it impossible to lay the phone down flat, and even though the screen size is great the sharp corners and edges make hard to hold for any long period like say.. at night.. all and all I really miss my Note 2."
zix983,2024-12-08T06:55:01,"I traded my S24+ exynos version for S24 Ultra, so far happy with my choice.
Ultra is a better device in all aspects"
Original_Pack_2742,2024-12-15T17:47:03,Avoid it like the bubonic plague. It's a pretty terrible phone despite the features it offers.
Purple_Figure8113,2024-12-27T15:43:01,"A year later still zero issues. In fact I emulate nintendo wii, play fortnite with the boys, and do alot of movie watching on my galaxy dex setup with the ultra. Tell you what. The day iphone can claim they have one upped samsung in every way on the current model, ill act like the galaxy series isn't superior."
Strifibox,2025-01-17T05:15:46,Best phone i've ever had
Confident-Corgi-7557,2025-01-29T10:22:39,I have a Samsung galaxy s10 for 6 years will I notice difference
elguero117,2025-02-21T02:01:58,in my honest opinon yes i moved from a LGV60 i love the s24ultra
AnyInsurance7535,2025-03-09T05:02:37,Upgraded from a s10+ to the s24 Ultra and loving it :)
the_superman_fan,2024-02-04T16:36:22,I bought one. The displays are so bad. Applied for return. Wait till these issues are solved.
BigNigori,2024-02-04T16:20:10,"Watch this before you decide: https://youtu.be/dFpNqg5F2qQ

The ultra also has the docked spen"
Deleted,2024-02-04T16:15:53,[deleted]
Humble-Plankton1824,2024-02-04T15:44:46,"Loving mine but I can't wait until they fix the camera software. Yikes.

The post processing is too much."
xCYOx,2024-02-04T17:38:11,"In comparison to the Samsung Galaxy S23 Ultra, the battery life of this device is significantly improved, lasting nearly twice as long. I am highly satisfied with its capabilities and features. BTW I used Ai to write this."
Spayrex,2024-02-04T14:47:08,I was luckily able to test the Phones in a Store. The Ultra feels incredible nice and the complete dark non reflection Display is insane. The Titanium feels solid and if you dont use a Case it feels the best in Hands. The S24 and S24+ have really sharp corners which is not so nice. So if you have the Money get the S24u. But if you prefer smaller phones and dont care about the Exynos Chip i would get one of them
Deleted,2024-02-04T17:03:56,samsung charges 30% more for phones in India and gives exynos. I will definitely stay away from it.
Alternative-Turn-932,2024-02-04T17:33:09,"It's been pretty awesome for me. Though I probably won't keep it (was waiting for the Apple Vision Pro, and if I decided to keep it I have to keep my iphone)"
evilmangoeater,2024-02-04T18:09:30,"My S24u keeps crashing all my games. PokemonGo and some others from the play store. Other than that, it's a pretty big jump from my s21u"
Phireshadow,2024-05-27T11:41:57,I miss my sony Xperia 1ii. GS24U is buggy compaired.
Deleted,2024-02-04T15:01:16,It's basically an S23 ultra with a flat screen so if u can get that for way cheaper I'd just get that instead
Deleted,2024-02-04T17:13:52,the phone has display bugs with colours etc and supposed grain. the phone can't play games either. don't buy it now 
Beyllionaire,2024-02-04T15:57:30,Stay away from a phone that can't even let you disable the shutter sound without setting up a whole routine.
Chemical-Nectarine13,2024-02-04T18:07:39,"I found the ultras slightly larger size and extra zoomy camera absolutely pointless. The S24+ offers practically all the same features (1440p display, 12gb ram, battery almost the same) and cost way less. I came from the S20+ to the S24+ and I have no complaints at all. I would've got the base S24, if not for that damn 8gb RAM configuration. (Personal preference/ onboard Ai will likely be very hungry)"
noskcire55,2024-02-04T20:26:41,"https://www.reddit.com/r/GalaxyS24Ultra/s/OsLBiUQlNU

Feel free to hate me"
ColdAsHeaven,2024-02-04T20:33:26,"Depends what you're coming from. 

The S23 series? Probably not. P8 or P7 series? Probably not.


S21 or older series? Yeah probably worth it.


I'm coming from the Note 20 Ultra and it's 100% worth it. Next phone will probably be the S28 or S29"
kawaii433,2024-02-04T20:49:09,I had to get the ultra because I use my pen 24/7. 😅
Odd-Negotiation-8625,2024-02-04T21:22:08,I have problems with biometrics after putting on protector
NorthboundUrsine,2024-02-04T23:06:38,"My only complaint is that had I waited a couple of days, I could have gotten my phone sooner. But it appears that the penalty for taking the pre-order deal is that you go to the end of the line for shipping.  But in the grand scheme of things, it's small potatoes.  It's not like my Note20 Ultra isn't still a good phone."
Machine8851,2024-02-05T00:05:00,It depends on what you're upgrading from
RodneyPierce,2024-02-05T00:05:02,100% worth it.
Deleted,2024-02-05T00:05:53,I love mine
DuckterDoom,2024-02-05T00:08:07,I went to the 24ultra from the fold.  I didn't like the outside screen of the fold and having tobubfikd it every time eats the battery.  I'd have to charge it halfway through the day sometimes.  With the ultra I'm using it real heavy today and it's still at 67%.  Massive difference.
Adventurous_Mo3_69,2024-02-05T01:50:54,"If you're coming from the S23U, I wouldn't do it. Small camera specs,  flat screen, faster processor and A.I. features but that's about it.. I wouldn't, honestly"
Subview1,2024-02-05T01:52:44,"upgraded from the S21 normal, and I am very pleased, My phone before than S21 was a Note 9, and I really missed the SPen, and the ultra is the only option out there.

On the phone itself, 10/10 would buy it again, my only gripe is the thin bezel makes typing with no case a hassle. it's very easy to touch keys when trying to reach for the middle keys."
Jimmeh_Jazz,2024-02-05T01:59:52,The screen isn't great tbh
Easy-Influence-6274,2024-02-05T02:43:57,I'm still on an S9 - so you're all saying I should probs upgrade? 😅
Deleted,2024-02-05T02:48:41,S23 ultra or s24+ they have a near price range any recos?
Complex-Chance7928,2024-02-05T02:57:14,S24 plus having same washed out problem. It's one ui 6.1 thing. Hope they fix it soon.
Deep-Capital-6018,2024-02-05T03:34:01,I upgraded from an S20 Ultra. And I have 0 issues. whoever has a green line sounds like a dead pixel line and that's a fluke. I don't have any grainy issues and if I have to turn on certain settings and look that hard. Then I have too much time on my hands.
Academic-Road-1417,2024-02-05T04:18:49,Had it for a week now and this thing is so fast it's wild. This is by far the most responsive device I have ever used. Also I echo the praise others have given the camera. The S-Pen is something I like using so for me the s24 ultra is well worth it coming from a Z-Fold 4. But if you don't need the s-pen I would just go s24+.
Lords-Judgement,2024-02-05T05:00:14,Best gaming experience I've had in any phones is on the S24 U. If you can push this device to the limit then go for it. Cameras r decent but in most scenarios it's difficult to see an upgrade these days. If ur a casual user and don't rly take pics then don't upgrade.
Stock_Huckleberry_16,2024-02-05T05:03:08,"I'm heavily considering it because I am coming from a Samsung A71 2019 LMAO, I hope it's worth it! Surely it can't be worse than my 4+ year old A71 😂🙏"
Deleted,2024-02-05T05:31:21,"I paid extra for the ultra just for rectangular display and spen

If rectangular display and spen aitn important to you then get the plus else get the ultra"
apsengsatyoski,2024-02-05T06:52:46,"Not required if you are using s23ultra , I checked it and look n feel is premium but just doesn't make sense for me to upgrade"
mixedbullpcola,2024-02-05T07:15:22,Upgraded from the 22u to the 24u today and I love it. Battery life is crazy and its noticibly faster also. Haven't messed with the camera yet. Today was my first day with it because I had to wait for the case to come in and still FRIKKEN dropped it on the bottom unwrapping the case. No problems tho
78bees7800,2024-02-05T07:40:29,"I switched from a Oneplus 9 to S24 Ultra 4 days ago and it's been phenomenal. The haptics are amazing, I love the flat wide screen, the camera is amazing from the (admittedly little) I've tested. I also really love the customisation for the phone in terms of home screen, lock screen etc that's even better than what Oneplus offered. There are small things I miss about my old phone but I feel like it could be chalked up to me missing the familiarity of my old OS. I also got the phone at a huge discount due to preorder sales and student discounts so that definitely helps my wallet hurt less:) also no display issues or anything like that in my experience!!"
Deleted,2024-02-05T10:07:45,"I'm surprised that no one mentioned that the Always On Display has been completely gutted out. No brightness adjustments, all the clock face styles have gone (I liked the one that displayed up the side of the screen, especially for night time) and the strange adaptive colour situation where it tries to match the wallpaper colour. Mine went back within 24 hours it was that bad, the camera was worse quality, no 10x zoom camera anymore (reduced to 5x), and the overly aggressive adaptive brightness made it hard to read indoors."
StromBring3r,2024-02-05T10:11:39,Stay away from Samsung
TrueTrey9,2024-02-05T10:13:19,"Came from s20FE , the issue with vivid screen is not a problem for me, as you will get use to natural looks in the long run. Very ultra fast phone. And not having issue with the phone. Just dont order the shield case from samsung. They have issue with its key volume not ticking and not fit. Better buy 3rd party casing ."
NyanNyanNihaoNyan,2024-02-05T10:46:56,"Short answer: It depends on what you want out of your phone. I've had no issue with my S24U. There are slight spec differences but the \*\*KEY\*\* difference as far as I can tell is do you want a marginally bigger screen and an s-pen or not? If you want the 'max' specs then ofc the Ultra is the way to go.

Longer answer: going S10+ to S24U the only 'issue' I've had is getting used to such a large screen (the S24U is 6.8"", the S24+ is 6.7"" but for years I was used to a 6.2"" display!).

I found using One Handed Operation + via Good Lock has made navigation okay & after adjusting the keyboard size a little I can swipe-type reasonably well."
other_goblin,2024-02-05T11:11:47,"""Inaccurate colours"" is a misunderstanding from you, it's a bug but it results ironically in accurate colours rather than the intended inaccurate P3 gamut on sRGB"
shubidua1337,2024-02-05T11:19:22,"Upgraded from 22U on Friday, mainly because the price I got with trade in was comparable to the price of repairing the cameras on the 22. Loving it so far, the flat edges and display are a huge improvement too. Don't notice the screen being less vivid or washed out, it gets a lot blacker in dark scenes, and the lack of reflections is a big plus."
Darth_Jobu,2024-02-05T13:10:45,"Worth it

I came from an iPhone 15 pro max. The screen is very bright in direct sunlight. The anti glare on the screen is helpful. I don't use the pen but I do use the 5x camera at 50mp.
Highly recommend whatever one you get download camera assistant from good lock and change some settings there. The default camera settings were wacky. When I'd use the 5x 50mp inside a well lit room, my kid had a yellowish tint from the light but after some modifications it looked right."
whyalwaysmefku,2024-02-05T13:11:11,I don't think the S24 series is worth it. S25 is where the big changes will happen.
Thickness8590,2024-02-05T14:11:52,I want it so let me know too pls:)
MANatlUNITED,2024-02-05T16:21:42,"Came from S22 ultra and have ZERO complaints. 

Ultimately, if you enjoy samsung, it's worth it. 

Of course, there are bad apples that get sent out. Go look at PS5 or Xbox Series X/S releases. It's tech, and shit can go wrong. 

But if you are looking for the next best phone, I'm not sure it gets better than the s24 ultra or any of the 24 lineup. But I'm biased because apple sucks lol"
setcopaving,2024-02-05T16:22:51,I bought my s24 ultra and I can tell you it's worth it because this phone has an automatic translation as you make you call it translate back to the person and a.i has a lot more features that I'm getting the hang of .
CaucasiaPinoy,2024-02-05T19:17:00,"I told myself I'd keep my S21 forever. Sold it for $300 a few months ago and bought a brand new S23 for $400 from Facebook marketplace. Samsung gave me $550 for it towards the S24 Ultra. I said screw it and got one. It's definitely an upgrade from the base S23. I don't see any screen issues or any camera issues. Runs as intended although I knew going into this that this phone would weigh my pocket down at the gym. I was at a stoplight with max signal today and ran a speed test on Verizon's Wireless network. I've never seen this before on cell service, but my s24 Ultra was steady at 957 Mbps download speed with a measly 69 Mbps upload. Flippin insane."
Open_Light_4691,2024-02-05T19:43:46,Stay away. I returned mine today .
SnooMacaroons1365,2024-02-05T21:48:06,"Cameras are shoddy. Nothing like s23. But then again, just like mocrosoft windows, they have a history of one good model and one shit model nexr year. So maybe s25 will have a software upgrade for $700 extra"
Deleted,2024-02-05T23:37:25,"If your phone isn't giving you any issues & is performing to standard, then I don't see the point in replacing for something newer until it's needed.."
floridawetboy,2024-02-05T23:59:37,It's decent did not really notice much from S23 ultra
Routine-Wind-4134,2024-02-06T00:15:24,"I've been using the S24U and my wife, the S24+, for the past week. My S24U has been absolutely flawless so far. Same goes for my wife's S24+. The battery life on the Ultra is beyond incredible, I'm getting a solid 16 to 17 hours on a single charge averaging four to six hours of SOT. This is with battery on Max Protection so the battery never charges beyond 80% and it's usually at around 15% when I plug in for the night. While I did notice that the screen wasn't as vibrant as my S22U, I got used to it within a single day of use. I don't know how common the issues are plaguing the Ultra but I suspect it isn't as prevalent as it is made out to be. I'd recommend getting the Ultra but the + isn't much of a downgrade especially if you're in a region with Snapdragon across the board."
rbryinc,2024-02-06T00:17:14,"I got 24 ultra, love it. No issues at all"
Senior-Morning-1693,2024-02-06T01:14:46,Go for s23 ultra. A year old but makes the s24u camera look bad.
JuwannaMann30,2024-02-06T10:42:21,I would expect more A.I. features than just live translate and circle to search. Other than that it's the exact same phone as the last and I'm not even sure you even need this phone for those features.
Deleted,2024-02-06T15:47:51,[removed]
w1ldr3dx,2024-02-06T20:35:55,"That's my smartphone vitae...

I owned many pre smartphone devices since early 90s  -> Nokia e71 -> iPhone4S -> iPhone5 -> iPhone6SPlus -> iPhone7Plus -> iPhone8Plus -> iPhoneX -> iPhone11PM -> Sony Xperia 1 II (epic fail) -> iPhone12PM -> iPhone14PM -> Samsung Galaxy S24Ultra.

Yes, I like it a lot so far!
It supercedes my iPhone 14PM perfectly."
ilikepurpletrees,2024-02-07T00:07:43,Just got it and I love itt
callyee,2024-02-07T12:25:26,"Whatever you do, get the SnapDragon SoC (rather than Exynos). The Ultra is only SD but I'm not sure about the other models. My really small gripe with the S24 Ultra is the removal of the Samsung special 3-swipe gesture navigation. Although this will disappear with software updates from all their phones I'm sure, and then no doubt be added back through one of the customisation tools like Good Lock.

All in all:
- Amazing battery life: e.g. a full work day in a foreign country, hosting WiFi hotspot for an hour or so, WhatsApp calls, Messenger, Google Maps. I'd dropped from 93% to 70%. Borderline unbelievable.
- Great display (some concerns about flat colours in vivid mode, I have never used it from S20U through to S24U).
- Performance is excellent, finally feels like the iOS polish on Android (Samsung's OneUI 6.1 helping?). The S23U (SD) came extremely close, I could have kept it another year quite happily.
- For the first time really since maybe even the S20U I've noticed the speakers sound considerably better. Seems like more lower treble with tighter mids.

Not sure what else to say, if you're coming from a midrange Android device then you're sure to be very impressed. The biggest upgrade I've had was going from the S22U (Exynos) to the S23U (SD), although actual laser auto focus on the S22U was an essential upgrade over the horrific software focusing solution on the S21U. The S24U is really just a nice incremental refinement on many aspects of the S23U, plus some AI features (with service access for 2 years or until the end of 2025, worth noting if you're planning on keeping the phone for over 2 years)."
Ill_Concentrate6284,2024-02-07T22:17:34,"I would say stay away until all issues are fixed. I read a lot about them, and the most annoying I am experiencing is the fact that, unlike its ancestor S23, the bluetooth has some strange issue that prevents the wireless connection with Android Auto, forcing me to use the cable."
LetsDoThas,2024-02-07T22:38:42,"My only problem is that the ""AI"" is really just some photo and shopping apps they built in and calked it AI."
Adm_Revrac_1701,2024-02-07T23:47:02,"I currently have the s23 ultra. From what I've been able to gather,  the s24 ultra doesn't really have any features that make it better than what I have.  So, personally,  I think I'll wait for the s25."
XSykiaX,2024-02-08T03:07:28,Love it! Don't love the vivid mode being exactly like natural mode and the brightness is worse even though Samsung made the display brighter. HBM is just not cutting it. The reflective display is cool but I wouldn't trade it for Vivid & brightness on previous models. Hoping for that Vivid mode update that I would assume help some improvements of brightness.
